{"cameraMode":{"drawMode":0,"name":"Shaded","section":"Shading Mode"},"sceneLighting":true,"audioPlay":false,"sceneViewState":{"showFog":false,"showMaterialUpdate":false,"showSkybox":false,"showFlares":false,"showImageEffects":false,"showParticleSystems":false},"in2DMode":false,"pivot":{"x":305.4197998046875,"y":-6.366964817047119,"z":296.70111083984377},"rotation":{"x":0.1244024708867073,"y":-0.7032990455627441,"z":0.12711665034294129,"w":0.6882847547531128},"size":571.9683227539063,"orthographic":false}