{"cameraMode":{"drawMode":0,"name":"Shaded","section":"Shading Mode"},"sceneLighting":false,"audioPlay":false,"sceneViewState":{"showFog":true,"showMaterialUpdate":false,"showSkybox":true,"showFlares":true,"showImageEffects":true,"showParticleSystems":true},"in2DMode":false,"pivot":{"x":2.521453857421875,"y":2.251469612121582,"z":-2.8715732097625734},"rotation":{"x":-0.14461112022399903,"y":0.31775590777397158,"z":-0.049100618809461597,"w":-0.9357927441596985},"size":2.8578836917877199,"orthographic":false}